{"cameraMode":{"drawMode":0,"name":"Shaded","section":"Shading Mode"},"sceneLighting":true,"audioPlay":false,"sceneViewState":{"showFog":true,"showMaterialUpdate":false,"showSkybox":true,"showFlares":true,"showImageEffects":true,"showParticleSystems":true},"in2DMode":false,"pivot":{"x":-10.926542282104493,"y":-11.29212760925293,"z":5.440830230712891},"rotation":{"x":0.3606678247451782,"y":-0.21506468951702119,"z":0.0858522281050682,"w":0.9034906625747681},"size":62.63826370239258,"orthographic":false}