{"cameraMode":{"drawMode":0,"name":"Shaded","section":"Shading Mode"},"sceneLighting":true,"audioPlay":false,"sceneViewState":{"showFog":true,"showMaterialUpdate":false,"showSkybox":true,"showFlares":true,"showImageEffects":true,"showParticleSystems":true},"in2DMode":false,"pivot":{"x":-1.0185089111328126,"y":1.3729643821716309,"z":1.068664312362671},"rotation":{"x":-0.13942432403564454,"y":0.7239436507225037,"z":-0.15340253710746766,"w":-0.6579774022102356},"size":19.28171730041504,"orthographic":false}