{"cameraMode":{"drawMode":0,"name":"Shaded","section":"Shading Mode"},"sceneLighting":true,"audioPlay":false,"sceneViewState":{"showFog":true,"showMaterialUpdate":false,"showSkybox":true,"showFlares":true,"showImageEffects":true,"showParticleSystems":true},"in2DMode":false,"pivot":{"x":1.0842533111572266,"y":3.3108596801757814,"z":-0.4038848876953125},"rotation":{"x":0.22831521928310395,"y":0.29277101159095766,"z":-0.07220831513404846,"w":0.9257122874259949},"size":20.812240600585939,"orthographic":false}